Author,according_FC,according_WC,again_FC,again_WC,all_FC,all_WC,also_FC,also_WC,among_FC,among_WC,an_FC,an_WC,and_FC,and_WC,anything_FC,anything_WC,are_FC,are_WC,as_FC,as_WC,be_FC,be_WC,became_FC,became_WC,because_FC,because_WC,been_FC,been_WC,being_FC,being_WC,but_FC,but_WC,by_FC,by_WC,cometh_FC,cometh_WC,could_FC,could_WC,did_FC,did_WC,didst_FC,didst_WC,do_FC,do_WC,each_FC,each_WC,ever_FC,ever_WC,every_FC,every_WC,for_FC,for_WC,forth_FC,forth_WC,from_FC,from_WC,god_FC,god_WC,had_FC,had_WC,hast_FC,hast_WC,hath_FC,hath_WC,have_FC,have_WC,he_FC,he_WC,hence_FC,hence_WC,henceforth_FC,henceforth_WC,her_FC,her_WC,him_FC,him_WC,himself_FC,himself_WC,his_FC,his_WC,how_FC,how_WC,if_FC,if_WC,in_FC,in_WC,inasmuch_FC,inasmuch_WC,into_FC,into_WC,is_FC,is_WC,it_FC,it_WC,lest_FC,lest_WC,let_FC,let_WC,like_FC,like_WC,lord_FC,lord_WC,make_FC,make_WC,man_FC,man_WC,many_FC,many_WC,may_FC,may_WC,me_FC,me_WC,more_FC,more_WC,much_FC,much_WC,must_FC,must_WC,my_FC,my_WC,neither_FC,neither_WC,no_FC,no_WC,not_FC,not_WC,notwithstanding_FC,notwithstanding_WC,now_FC,now_WC,of_FC,of_WC,once_FC,once_WC,one_FC,one_WC,or_FC,or_WC,other_FC,other_WC,ought_FC,ought_WC,our_FC,our_WC,out_FC,out_WC,said_FC,said_WC,say_FC,say_WC,seemeth_FC,seemeth_WC,shall_FC,shall_WC,shalt_FC,shalt_WC,should_FC,should_WC,shouldst_FC,shouldst_WC,some_FC,some_WC,such_FC,such_WC,than_FC,than_WC,that_FC,that_WC,the_FC,the_WC,thee_FC,thee_WC,their_FC,their_WC,them_FC,them_WC,then_FC,then_WC,thence_FC,thence_WC,there_FC,there_WC,therefore_FC,therefore_WC,thereof_FC,thereof_WC,these_FC,these_WC,they_FC,they_WC,thine_FC,thine_WC,those_FC,those_WC,thou_FC,thou_WC,throughout_FC,throughout_WC,thus_FC,thus_WC,thy_FC,thy_WC,thyself_FC,thyself_WC,till_FC,till_WC,to_FC,to_WC,unto_FC,unto_WC,upon_FC,upon_WC,verily_FC,verily_WC,was_FC,was_WC,we_FC,we_WC,were_FC,were_WC,what_FC,what_WC,whatsoever_FC,whatsoever_WC,when_FC,when_WC,whence_FC,whence_WC,where_FC,where_WC,whereby_FC,whereby_WC,wherefore_FC,wherefore_WC,wherein_FC,wherein_WC,whereof_FC,whereof_WC,whereon_FC,whereon_WC,wheresoever_FC,wheresoever_WC,whereunto_FC,whereunto_WC,which_FC,which_WC,who_FC,who_WC,whom_FC,whom_WC,whose_FC,whose_WC,whoso_FC,whoso_WC,whosoever_FC,whosoever_WC,will_FC,will_WC,with_FC,with_WC,without_FC,without_WC,would_FC,would_WC,ye_FC,ye_WC,yea_FC,yea_WC,yet_FC,yet_WC,your_FC,your_WC,a_percentage_use,b_percentage_use,c_percentage_use,d_percentage_use,e_percentage_use,f_percentage_use,g_percentage_use,h_percentage_use,i_percentage_use,j_percentage_use,k_percentage_use,l_percentage_use,m_percentage_use,n_percentage_use,o_percentage_use,p_percentage_use,q_percentage_use,r_percentage_use,s_percentage_use,t_percentage_use,u_percentage_use,v_percentage_use,w_percentage_use,x_percentage_use,y_percentage_use,z_percentage_use,Ã£_percentage_use,Function_Word_Use,Total_Word_Count,Total_Function_Word_Count,AVG_Letter_Per_Word,AVG_Word_Per_Verse
"MOSES
",0.0,0.0,0.0,0.0,1.4708886618998982,0.9345794392523363,0.0,0.0,1.4708886618998982,0.9345794392523363,0.0,0.0,14.708886618998982,9.345794392523365,0.0,0.0,0.0,0.0,0.0,0.0,0.0,0.0,0.0,0.0,1.4708886618998982,0.9345794392523363,0.0,0.0,0.0,0.0,0.0,0.0,0.0,0.0,0.0,0.0,0.0,0.0,1.4708886618998982,0.9345794392523363,0.0,0.0,0.0,0.0,0.0,0.0,0.0,0.0,0.0,0.0,0.0,0.0,0.0,0.0,0.0,0.0,1.4708886618998982,0.9345794392523363,0.0,0.0,0.0,0.0,0.0,0.0,0.0,0.0,1.4708886618998982,0.9345794392523363,0.0,0.0,0.0,0.0,0.0,0.0,0.0,0.0,0.0,0.0,5.883554647599593,3.7383177570093453,0.0,0.0,0.0,0.0,4.412665985699695,2.803738317757009,0.0,0.0,0.0,0.0,0.0,0.0,1.4708886618998982,0.9345794392523363,0.0,0.0,0.0,0.0,0.0,0.0,5.883554647599593,3.7383177570093453,0.0,0.0,0.0,0.0,0.0,0.0,0.0,0.0,0.0,0.0,0.0,0.0,0.0,0.0,0.0,0.0,0.0,0.0,0.0,0.0,1.4708886618998982,0.9345794392523363,0.0,0.0,0.0,0.0,0.0,0.0,7.354443309499491,4.672897196261682,0.0,0.0,2.9417773237997964,1.8691588785046727,0.0,0.0,0.0,0.0,0.0,0.0,0.0,0.0,0.0,0.0,0.0,0.0,0.0,0.0,0.0,0.0,0.0,0.0,0.0,0.0,0.0,0.0,0.0,0.0,0.0,0.0,0.0,0.0,0.0,0.0,2.9417773237997964,1.8691588785046727,16.179775280898877,10.2803738317757,0.0,0.0,0.0,0.0,1.4708886618998982,0.9345794392523363,0.0,0.0,0.0,0.0,1.4708886618998982,0.9345794392523363,0.0,0.0,0.0,0.0,0.0,0.0,2.9417773237997964,1.8691588785046727,0.0,0.0,0.0,0.0,0.0,0.0,0.0,0.0,0.0,0.0,0.0,0.0,0.0,0.0,0.0,0.0,1.4708886618998982,0.9345794392523363,1.4708886618998982,0.9345794392523363,5.883554647599593,3.7383177570093453,0.0,0.0,7.354443309499491,4.672897196261682,0.0,0.0,2.9417773237997964,1.8691588785046727,0.0,0.0,0.0,0.0,0.0,0.0,0.0,0.0,0.0,0.0,0.0,0.0,0.0,0.0,0.0,0.0,0.0,0.0,0.0,0.0,0.0,0.0,0.0,0.0,1.4708886618998982,0.9345794392523363,0.0,0.0,0.0,0.0,0.0,0.0,0.0,0.0,0.0,0.0,0.0,0.0,0.0,0.0,0.0,0.0,0.0,0.0,0.0,0.0,0.0,0.0,0.0,0.0,0.0,0.0,0.0787037037037037,0.0092592592592592,0.0254629629629629,0.0601851851851851,0.1226851851851851,0.0162037037037037,0.0185185185185185,0.0763888888888889,0.0578703703703703,0,0,0.0509259259259259,0.011574074074074,0.0879629629629629,0.0856481481481481,0.0324074074074074,0,0.037037037037037,0.0694444444444444,0.0763888888888889,0.0277777777777777,0.0023148148148148,0.0208333333333333,0.0,0.0138888888888888,0.0046296296296296,0,0.6353842159916925,107,67.9861111111111,4.037383177570093,37.66666666666666
"ABRAHAM
",0.0,0.0,0.0,0.0,0.0,0.0,0.0,0.0,0.0,0.0,0.0,0.0,17.860165904858647,9.615384615384617,0.0,0.0,0.0,0.0,0.0,0.0,0.0,0.0,0.0,0.0,0.0,0.0,0.0,0.0,0.0,0.0,0.0,0.0,0.0,0.0,0.0,0.0,0.0,0.0,0.0,0.0,0.0,0.0,0.0,0.0,0.0,0.0,0.0,0.0,0.0,0.0,0.0,0.0,0.0,0.0,7.144066361943459,3.8461538461538463,0.0,0.0,0.0,0.0,0.0,0.0,0.0,0.0,0.0,0.0,0.0,0.0,0.0,0.0,0.0,0.0,0.0,0.0,0.0,0.0,0.0,0.0,0.0,0.0,0.0,0.0,0.0,0.0,0.0,0.0,0.0,0.0,0.0,0.0,0.0,0.0,14.288132723886918,7.6923076923076925,0.0,0.0,0.0,0.0,0.0,0.0,0.0,0.0,0.0,0.0,0.0,0.0,0.0,0.0,0.0,0.0,0.0,0.0,0.0,0.0,0.0,0.0,0.0,0.0,0.0,0.0,0.0,0.0,0.0,0.0,0.0,0.0,0.0,0.0,0.0,0.0,0.0,0.0,0.0,0.0,0.0,0.0,0.0,0.0,0.0,0.0,0.0,0.0,0.0,0.0,0.0,0.0,0.0,0.0,0.0,0.0,0.0,0.0,0.0,0.0,0.0,0.0,0.0,0.0,0.0,0.0,0.0,0.0,0.0,0.0,0.0,0.0,17.860165904858647,9.615384615384617,10.716099542915188,5.769230769230769,0.0,0.0,0.0,0.0,0.0,0.0,0.0,0.0,0.0,0.0,0.0,0.0,0.0,0.0,0.0,0.0,0.0,0.0,10.716099542915188,5.769230769230769,0.0,0.0,0.0,0.0,0.0,0.0,0.0,0.0,0.0,0.0,0.0,0.0,0.0,0.0,0.0,0.0,7.144066361943459,3.8461538461538463,0.0,0.0,0.0,0.0,0.0,0.0,10.716099542915188,5.769230769230769,0.0,0.0,0.0,0.0,0.0,0.0,0.0,0.0,0.0,0.0,0.0,0.0,0.0,0.0,0.0,0.0,0.0,0.0,0.0,0.0,0.0,0.0,0.0,0.0,0.0,0.0,0.0,0.0,0.0,0.0,0.0,0.0,0.0,0.0,0.0,0.0,0.0,0.0,0.0,0.0,0.0,0.0,0.0,0.0,0.0,0.0,0.0,0.0,0.0,0.0,0.0,0.0,0.0,0.0,0.0,0.0,0.1184834123222748,0.0,0.0331753554502369,0.0616113744075829,0.1042654028436018,0.0094786729857819,0.0331753554502369,0.0710900473933649,0.0663507109004739,0,0,0.0473933649289099,0.0331753554502369,0.0947867298578199,0.0379146919431279,0.0142180094786729,0,0.0189573459715639,0.0521327014218009,0.1327014218009478,0.0094786729857819,0.0142180094786729,0.0142180094786729,0.0047393364928909,0.0236966824644549,0.0,0,0.5383703973751366,52,27.995260663507104,4.057692307692308,54.0
"MATTHEW
",,,,,,,,,,,,,,,,,,,,,,,,,,,,,,,,,,,,,,,,,,,,,,,,,,,,,,,,,,,,,,,,,,,,,,,,,,,,,,,,,,,,,,,,,,,,,,,,,,,,,,,,,,,,,,,,,,,,,,,,,,,,,,,,,,,,,,,,,,,,,,,,,,,,,,,,,,,,,,,,,,,,,,,,,,,,,,,,,,,,,,,,,,,,,,,,,,,,,,,,,,,,,,,,,,,,,,,,,,,,,,,,,,,,,,,,,,,,,,,,,,,,,,,,,,,,,,,,,,,,,,,,,,,,,,,,,0.0,0.0,0.0,0.0,0.0,0.0,0.0,0.0,0.0,0,0,0.0,0.0,0.0,0.0,0.0,0,0.0,0.0,0.0,0.0,0.0,0.0,0.0,0.0,0.0,0,,0,0.0,0.0,0.0
"JOSEPHSMITHHISTORY
",,,,,,,,,,,,,,,,,,,,,,,,,,,,,,,,,,,,,,,,,,,,,,,,,,,,,,,,,,,,,,,,,,,,,,,,,,,,,,,,,,,,,,,,,,,,,,,,,,,,,,,,,,,,,,,,,,,,,,,,,,,,,,,,,,,,,,,,,,,,,,,,,,,,,,,,,,,,,,,,,,,,,,,,,,,,,,,,,,,,,,,,,,,,,,,,,,,,,,,,,,,,,,,,,,,,,,,,,,,,,,,,,,,,,,,,,,,,,,,,,,,,,,,,,,,,,,,,,,,,,,,,,,,,,,,,,0.0,0.0,0.0,0.0,0.0,0.0,0.0,0.0,0.0,0,0,0.0,0.0,0.0,0.0,0.0,0,0.0,0.0,0.0,0.0,0.0,0.0,0.0,0.0,0.0,0,,0,0.0,0.0,0.0
"ARTICLESOFFAITH
",,,,,,,,,,,,,,,,,,,,,,,,,,,,,,,,,,,,,,,,,,,,,,,,,,,,,,,,,,,,,,,,,,,,,,,,,,,,,,,,,,,,,,,,,,,,,,,,,,,,,,,,,,,,,,,,,,,,,,,,,,,,,,,,,,,,,,,,,,,,,,,,,,,,,,,,,,,,,,,,,,,,,,,,,,,,,,,,,,,,,,,,,,,,,,,,,,,,,,,,,,,,,,,,,,,,,,,,,,,,,,,,,,,,,,,,,,,,,,,,,,,,,,,,,,,,,,,,,,,,,,,,,,,,,,,,,0.0,0.0,0.0,0.0,0.0,0.0,0.0,0.0,0.0,0,0,0.0,0.0,0.0,0.0,0.0,0,0.0,0.0,0.0,0.0,0.0,0.0,0.0,0.0,0.0,0,,0,0.0,0.0,0.0
